{
  "calibrated": true,
  "homography_matrix": [
    [
      0.9999999999999994,
      -3.5696707506384137e-16,
      0.0
    ],
    [
      -9.614813431917818e-17,
      0.9999999999999998,
      1.9229626863835636e-16
    ],
    [
      -7.006624024471187e-16,
      -3.7849764686230236e-17,
      1.0
    ]
  ],
  "camera_corners": [
    [
      0,
      0
    ],
    [
      1,
      0
    ],
    [
      1,
      1
    ],
    [
      0,
      1
    ]
  ],
  "projector_corners": [
    [
      0,
      0
    ],
    [
      1,
      0
    ],
    [
      1,
      1
    ],
    [
      0,
      1
    ]
  ],
  "created_at": "2026-01-03T02:02:49Z"
}